id,first_name,last_name,email,gender,ip_address
1,Evvy,Eke,eeke0@1und1.de,Female,71.114.239.209
2,Brianna,Cordel,bcordel1@plala.or.jp,Agender,58.76.41.180
3,Hogan,Boggon,hboggon2@1688.com,Male,190.111.166.18
4,Flss,Hillan,fhillan3@smugmug.com,Bigender,186.210.236.70
5,Bev,Mohammed,bmohammed4@wordpress.com,Male,79.236.172.230
6,Howie,Swinley,hswinley5@ibm.com,Male,252.252.145.237
7,Betta,Scutts,bscutts6@google.com,Female,71.181.113.250
8,Blanca,Pope,bpope7@sbwire.com,Female,213.79.163.71
9,Giffer,Bellenie,gbellenie8@boston.com,Male,138.45.107.253
10,Charmine,Meneer,cmeneer9@deliciousdays.com,Female,88.6.70.96
11,Victor,Willgoss,vwillgossa@hc360.com,Male,13.185.87.126
12,Tory,Moline,tmolineb@dell.com,Female,1.242.169.180
13,Lora,Janacek,ljanacekc@phoca.cz,Female,214.88.216.6
14,Murdock,Groves,mgrovesd@shinystat.com,Male,79.103.48.176
15,Eduino,Davidof,edavidofe@xinhuanet.com,Male,99.156.195.106
16,Adan,Gillopp,agilloppf@nbcnews.com,Female,167.204.251.210
17,Iona,Meron,imerong@creativecommons.org,Female,14.218.247.86
18,Bartholomeo,Conigsby,bconigsbyh@mediafire.com,Male,118.69.49.154
19,Vale,Cotton,vcottoni@joomla.org,Male,130.160.88.117
20,Odelle,Bachs,obachsj@yale.edu,Female,97.241.113.183
21,Edithe,Dudding,eduddingk@theatlantic.com,Female,22.40.172.72
22,Innis,Albertson,ialbertsonl@joomla.org,Male,173.98.44.21
23,Laurette,Sherrett,lsherrettm@booking.com,Female,241.161.158.189
24,Brig,Notton,bnottonn@miitbeian.gov.cn,Male,224.42.14.10
25,Lammond,Dagg,ldaggo@gov.uk,Male,36.204.107.82
26,Brenna,Realff,brealffp@com.com,Female,121.115.82.224
27,Darius,Hurch,dhurchq@home.pl,Male,233.69.50.56
28,Jarad,Gerardeaux,jgerardeauxr@sbwire.com,Male,163.237.234.62
29,Selestina,Shardlow,sshardlows@parallels.com,Female,160.152.60.183
30,Ozzy,Yankov,oyankovt@bigcartel.com,Male,114.85.182.224
31,Dina,McKerley,dmckerleyu@xrea.com,Female,160.107.249.76
32,Ellette,Le Gall,elegallv@istockphoto.com,Female,60.202.155.34
33,Noak,Culligan,nculliganw@cbc.ca,Polygender,34.168.26.69
34,Jodie,Buy,jbuyx@vkontakte.ru,Female,135.109.180.16
35,Tessy,Skae,tskaey@stanford.edu,Non-binary,188.50.68.221
36,Franklin,Sarrell,fsarrellz@theatlantic.com,Male,110.155.14.24
37,Kasper,Domange,kdomange10@wisc.edu,Male,70.26.233.170
38,Theressa,Meah,tmeah11@dmoz.org,Female,154.136.189.8
39,Rockey,Whithorn,rwhithorn12@ameblo.jp,Male,55.252.142.97
40,Kevina,Nyles,knyles13@instagram.com,Female,110.235.14.199
41,Bendick,Lukasen,blukasen14@omniture.com,Male,236.123.25.122
42,Millicent,Mehmet,mmehmet15@icio.us,Female,252.168.247.132
43,Erny,Jain,ejain16@printfriendly.com,Male,22.19.123.228
44,Melli,Bradmore,mbradmore17@chicagotribune.com,Female,74.80.190.159
45,Alexis,Scotney,ascotney18@psu.edu,Female,178.64.108.87
46,Luis,Cometto,lcometto19@ihg.com,Male,220.185.245.97
47,Armin,Benedtti,abenedtti1a@friendfeed.com,Agender,163.118.31.4
48,Alford,Vesty,avesty1b@marketwatch.com,Male,14.230.24.124
49,Georges,Mulberry,gmulberry1c@a8.net,Male,79.87.209.138
50,Kristan,Rogerson,krogerson1d@miitbeian.gov.cn,Female,156.137.239.103
51,Darryl,Ceeley,dceeley1e@mail.ru,Female,22.163.117.187
52,Alfie,O' Culligan,aoculligan1f@mlb.com,Female,161.69.212.40
53,Barbe,Oseland,boseland1g@examiner.com,Female,198.84.81.31
54,Selby,Filer,sfiler1h@wikimedia.org,Male,101.122.133.125
55,Natale,Pywell,npywell1i@photobucket.com,Bigender,15.156.104.204
56,Egbert,Mackett,emackett1j@edublogs.org,Male,55.80.10.44
57,Eal,Webber,ewebber1k@usnews.com,Male,88.67.49.31
58,Shela,Wethers,swethers1l@cisco.com,Female,173.168.143.208
59,Scott,Vinick,svinick1m@xing.com,Male,116.14.48.53
60,Obed,McDavid,omcdavid1n@si.edu,Male,223.182.105.65
61,Phillis,Botler,pbotler1o@ezinearticles.com,Female,37.202.88.207
62,Jud,Braisted,jbraisted1p@time.com,Male,216.237.101.122
63,Aube,Bayne,abayne1q@lycos.com,Male,202.255.170.208
64,Juanita,Gillett,jgillett1r@barnesandnoble.com,Female,175.21.68.234
65,Gayleen,Kirkman,gkirkman1s@infoseek.co.jp,Female,78.227.208.21
66,Westley,Henzer,whenzer1t@prlog.org,Male,199.58.86.54
67,Archy,Borzone,aborzone1u@dyndns.org,Male,189.148.110.1
68,Melba,Scough,mscough1v@dion.ne.jp,Female,169.130.162.173
69,Quintina,Kelsey,qkelsey1w@discuz.net,Female,89.46.87.119
70,Damita,Ascraft,dascraft1x@1688.com,Female,164.146.208.98
71,Cyril,Pruckner,cpruckner1y@amazon.co.uk,Male,136.236.60.22
72,Verile,Anderer,vanderer1z@networksolutions.com,Bigender,144.97.238.74
73,Dana,Farenden,dfarenden20@abc.net.au,Male,154.193.27.206
74,Constancy,Trytsman,ctrytsman21@adobe.com,Female,141.220.191.1
75,Dulciana,Zealey,dzealey22@weebly.com,Female,208.156.191.8
76,Normy,Plak,nplak23@washington.edu,Male,224.142.63.238
77,Teddy,Caseborne,tcaseborne24@sogou.com,Genderqueer,237.133.149.93
78,Marlon,Gaylard,mgaylard25@google.de,Genderfluid,10.140.68.207
79,Berty,Coleridge,bcoleridge26@washingtonpost.com,Male,0.106.71.82
80,Susanetta,Dack,sdack27@harvard.edu,Female,248.190.46.116
81,Carmelina,Bangham,cbangham28@craigslist.org,Female,176.8.67.110
82,Fidelity,Foss,ffoss29@usatoday.com,Female,114.132.100.125
83,Ikey,Walework,iwalework2a@hao123.com,Male,6.17.43.139
84,Wileen,Crake,wcrake2b@berkeley.edu,Female,9.71.109.132
85,Manny,Jindracek,mjindracek2c@unblog.fr,Male,110.193.84.47
86,Renato,Brewerton,rbrewerton2d@epa.gov,Male,143.237.101.133
87,Coral,Drakers,cdrakers2e@arizona.edu,Female,62.126.118.18
88,Rem,Phoebe,rphoebe2f@tuttocitta.it,Male,64.174.242.125
89,Cully,Strewther,cstrewther2g@nsw.gov.au,Male,225.166.172.225
90,Rolf,MacMenamie,rmacmenamie2h@state.gov,Male,240.117.205.2
91,Jeri,Debney,jdebney2i@google.es,Female,245.88.114.221
92,Gaby,Gramer,ggramer2j@gizmodo.com,Male,144.213.99.5
93,Colette,Bollom,cbollom2k@g.co,Female,125.107.180.29
94,Selig,Leathlay,sleathlay2l@technorati.com,Polygender,169.124.56.50
95,Berty,Farthing,bfarthing2m@redcross.org,Female,106.195.89.237
96,Christina,Castro,ccastro2n@cmu.edu,Female,98.84.250.21
97,Harmonie,O'Lagen,holagen2o@cnbc.com,Female,195.61.212.16
98,Joletta,Blackway,jblackway2p@etsy.com,Female,192.111.4.164
99,Teresita,Bellenger,tbellenger2q@rediff.com,Female,206.124.163.159
100,Dorita,Spanton,dspanton2r@alexa.com,Female,148.224.1.244
101,Ashlan,Bennet,abennet2s@free.fr,Female,24.197.241.119
102,Donovan,Sentance,dsentance2t@wordpress.org,Male,115.36.155.215
103,Ilaire,Dunk,idunk2u@prlog.org,Male,210.41.75.6
104,Merle,Jeaycock,mjeaycock2v@merriam-webster.com,Male,97.158.118.150
105,Archie,Carmen,acarmen2w@patch.com,Bigender,20.16.24.121
106,Addison,Napoleone,anapoleone2x@springer.com,Male,30.71.82.186
107,Elliot,Pawson,epawson2y@nature.com,Male,16.66.213.97
108,Antoine,Adamec,aadamec2z@livejournal.com,Male,225.1.5.11
109,Querida,Longridge,qlongridge30@huffingtonpost.com,Female,251.158.43.222
110,Merilee,Doody,mdoody31@illinois.edu,Female,170.236.83.242
111,Conney,Scotter,cscotter32@1und1.de,Male,99.211.209.16
112,Val,Murrhardt,vmurrhardt33@unc.edu,Male,206.185.198.198
113,Nomi,Koschek,nkoschek34@trellian.com,Female,134.244.124.10
114,Rollins,Colmer,rcolmer35@delicious.com,Male,189.53.145.124
115,Hort,Watson,hwatson36@furl.net,Male,236.254.142.90
116,Dwain,Witchalls,dwitchalls37@chicagotribune.com,Male,12.51.124.248
117,Xavier,Bedingfield,xbedingfield38@usnews.com,Male,248.252.26.13
118,Damiano,MacAughtrie,dmacaughtrie39@google.fr,Male,250.7.211.31
119,Lucille,Gouge,lgouge3a@wikimedia.org,Female,224.118.119.243
120,Herman,Afield,hafield3b@addthis.com,Male,117.211.232.63
121,Brody,Giamo,bgiamo3c@homestead.com,Male,12.213.132.46
122,Francyne,Lamar,flamar3d@squidoo.com,Female,180.14.128.243
123,Vanna,Snow,vsnow3e@cam.ac.uk,Bigender,57.23.61.6
124,Kassia,Nappin,knappin3f@kickstarter.com,Female,199.11.233.229
125,Noelle,Santi,nsanti3g@twitter.com,Female,16.88.2.197
126,Nicky,Nibley,nnibley3h@vinaora.com,Male,72.43.63.147
127,Giselbert,Fillon,gfillon3i@trellian.com,Male,173.181.10.133
128,Konstanze,Bauman,kbauman3j@si.edu,Female,43.109.203.216
129,Charmine,Hancock,chancock3k@indiatimes.com,Female,218.72.103.94
130,Orelee,McMurty,omcmurty3l@yellowbook.com,Female,137.121.198.148
131,Rolando,Veldman,rveldman3m@reference.com,Male,114.8.214.228
132,Shaughn,McMickan,smcmickan3n@amazon.co.uk,Male,241.3.11.179
133,Eleni,Falla,efalla3o@businesswire.com,Female,66.252.55.6
134,Cheston,Crookes,ccrookes3p@mac.com,Male,35.251.170.121
135,Artie,Dulin,adulin3q@arstechnica.com,Male,19.248.178.210
136,Chris,Powney,cpowney3r@imdb.com,Female,103.80.251.231
137,Idalia,Crispin,icrispin3s@google.ca,Non-binary,174.217.235.140
138,Austin,Mephan,amephan3t@sakura.ne.jp,Genderfluid,243.136.240.210
139,Zenia,Giacomucci,zgiacomucci3u@apple.com,Female,74.52.2.172
140,Zorina,Scholey,zscholey3v@skype.com,Female,251.101.162.4
141,Paulo,Stidworthy,pstidworthy3w@canalblog.com,Male,138.188.234.188
142,Hailee,Stowell,hstowell3x@ning.com,Genderqueer,90.150.235.129
143,Lek,Stanmore,lstanmore3y@nyu.edu,Male,81.242.227.191
144,Annabella,Egarr,aegarr3z@alibaba.com,Female,70.143.116.138
145,Roi,Possek,rpossek40@google.it,Male,246.207.149.100
146,Brig,Folling,bfolling41@github.com,Male,252.191.222.127
147,Roanne,Pietzke,rpietzke42@multiply.com,Female,6.113.100.108
148,Van,Showell,vshowell43@imgur.com,Female,75.146.60.101
149,Kristen,Slocomb,kslocomb44@tinyurl.com,Female,45.228.221.59
150,Norine,Blondell,nblondell45@umich.edu,Female,19.8.30.127
151,Meridith,Scimonelli,mscimonelli46@mac.com,Female,76.255.148.107
152,Lethia,Rapps,lrapps47@prnewswire.com,Non-binary,23.178.244.4
153,Alisun,Nix,anix48@digg.com,Female,36.95.68.35
154,Arvie,Flicker,aflicker49@nytimes.com,Male,205.143.209.37
155,Ber,Dicky,bdicky4a@toplist.cz,Male,195.79.108.94
156,Sutherland,Espinet,sespinet4b@about.com,Male,201.196.187.81
157,Melinde,Whitlow,mwhitlow4c@vistaprint.com,Female,122.216.235.95
158,Dael,Brambill,dbrambill4d@blog.com,Male,227.13.168.101
159,Jasen,Browell,jbrowell4e@nih.gov,Male,61.254.208.168
160,Kristos,Yearnes,kyearnes4f@theglobeandmail.com,Male,10.211.192.97
161,Lucio,Soloway,lsoloway4g@sogou.com,Male,177.176.197.63
162,Inesita,Mantz,imantz4h@dagondesign.com,Female,36.255.108.165
163,Danica,Iorns,diorns4i@simplemachines.org,Female,196.199.248.241
164,Dulcy,Bryce,dbryce4j@ibm.com,Female,200.25.243.190
165,Ali,Reck,areck4k@wp.com,Female,170.165.126.238
166,Leslie,Edgecombe,ledgecombe4l@bandcamp.com,Male,46.253.16.62
167,Donnell,Cowie,dcowie4m@nps.gov,Male,46.91.5.180
168,Imogene,Berkely,iberkely4n@biblegateway.com,Female,206.171.117.245
169,Lucita,Wyld,lwyld4o@nhs.uk,Female,7.99.148.91
170,Torrin,Jefferys,tjefferys4p@zdnet.com,Male,28.208.30.109
171,Lona,Hazeley,lhazeley4q@smugmug.com,Female,3.118.97.203
172,Joan,Ellicombe,jellicombe4r@360.cn,Female,217.146.227.93
173,Virgie,Corballis,vcorballis4s@sciencedaily.com,Male,134.153.213.186
174,Peirce,Bahde,pbahde4t@hubpages.com,Genderqueer,99.74.48.166
175,Julian,Ickovici,jickovici4u@desdev.cn,Male,180.99.153.214
176,Jesse,Winders,jwinders4v@hubpages.com,Polygender,54.189.36.39
177,Kliment,Stolli,kstolli4w@istockphoto.com,Male,62.121.156.71
178,Kellina,Maccrae,kmaccrae4x@cbslocal.com,Agender,78.3.124.243
179,Horatio,Zuanazzi,hzuanazzi4y@reddit.com,Male,196.178.210.212
180,Chad,Gergus,cgergus4z@symantec.com,Female,73.39.163.17
181,Danit,Pieracci,dpieracci50@pen.io,Female,211.27.164.203
182,Dorolice,Gotobed,dgotobed51@usgs.gov,Female,36.137.37.101
183,Izabel,Reckless,ireckless52@netscape.com,Agender,63.0.137.230
184,Edna,Sheepy,esheepy53@photobucket.com,Female,127.17.226.81
185,Averill,Fraschetti,afraschetti54@myspace.com,Male,143.211.201.105
186,Gregoire,Holttom,gholttom55@storify.com,Non-binary,3.187.194.254
187,Stanton,Galliard,sgalliard56@icio.us,Male,200.113.126.220
188,Vin,Simmig,vsimmig57@vinaora.com,Male,10.116.36.19
189,Zed,Oldfield,zoldfield58@netscape.com,Male,84.87.223.141
190,Cassius,Clemmow,cclemmow59@ted.com,Male,88.83.31.144
191,Addi,Farress,afarress5a@google.pl,Female,87.248.56.144
192,Allegra,Kupke,akupke5b@csmonitor.com,Female,16.81.61.27
193,Ashlin,Broadey,abroadey5c@ask.com,Male,251.129.198.75
194,Billye,Brigginshaw,bbrigginshaw5d@jalbum.net,Female,182.148.3.24
195,Dagny,Arendsen,darendsen5e@hud.gov,Male,202.133.241.198
196,Gibbie,Nevison,gnevison5f@gravatar.com,Male,7.255.92.79
197,Fredric,Elham,felham5g@dailymail.co.uk,Male,29.151.68.92
198,Wainwright,Tolcher,wtolcher5h@opera.com,Male,205.76.83.112
199,Ellerey,Gowar,egowar5i@fda.gov,Male,255.77.103.168
200,Cathryn,Shevill,cshevill5j@discovery.com,Polygender,255.201.206.58
201,Jemmy,Spencers,jspencers5k@1688.com,Genderfluid,113.93.17.211
202,Lesya,Sothcott,lsothcott5l@nature.com,Female,140.172.4.25
203,Niles,Sperling,nsperling5m@ameblo.jp,Male,232.32.3.243
204,Clarinda,Stoggles,cstoggles5n@amazonaws.com,Female,21.67.140.6
205,Theresita,Cottel,tcottel5o@time.com,Female,109.12.84.4
206,Lia,Seiller,lseiller5p@who.int,Female,122.106.143.179
207,Gilbert,Dunsmuir,gdunsmuir5q@canalblog.com,Male,47.71.45.163
208,Noreen,Falconar,nfalconar5r@stanford.edu,Polygender,32.221.251.60
209,Kerry,Jantot,kjantot5s@soup.io,Male,249.171.155.139
210,Marla,Greave,mgreave5t@themeforest.net,Female,9.18.137.4
211,Dennis,Gibson,dgibson5u@ucla.edu,Male,88.36.215.141
212,Ody,Franciottoi,ofranciottoi5v@amazon.com,Male,120.148.135.237
213,Lev,Kensit,lkensit5w@qq.com,Male,180.33.121.8
214,Sherlock,Porteous,sporteous5x@instagram.com,Male,146.93.96.15
215,Dori,Munkton,dmunkton5y@dagondesign.com,Female,119.17.21.34
216,Bart,Putley,bputley5z@europa.eu,Male,100.199.127.142
217,Ad,Duffer,aduffer60@odnoklassniki.ru,Male,15.219.216.101
218,Jemimah,Lowth,jlowth61@chronoengine.com,Female,208.252.80.116
219,Rowney,Terrey,rterrey62@nbcnews.com,Male,135.157.117.63
220,Antone,Trolley,atrolley63@mysql.com,Male,221.129.30.28
221,Marga,Jostan,mjostan64@adobe.com,Female,207.126.154.111
222,Rozamond,Craker,rcraker65@bbc.co.uk,Female,148.40.229.125
223,Judas,Strippel,jstrippel66@tamu.edu,Male,109.27.213.211
224,Tris,Gallyhaock,tgallyhaock67@godaddy.com,Male,22.12.96.237
225,Mervin,Bembridge,mbembridge68@addtoany.com,Male,90.143.125.210
226,Trenna,McCray,tmccray69@chicagotribune.com,Female,247.40.232.71
227,Ardra,Dugall,adugall6a@merriam-webster.com,Bigender,36.150.175.86
228,Eduardo,Swinnard,eswinnard6b@narod.ru,Male,28.189.243.26
229,Thedrick,Wallwood,twallwood6c@pbs.org,Male,4.211.212.44
230,Lane,Waters,lwaters6d@ucoz.com,Agender,198.226.127.132
231,Isidoro,Potapczuk,ipotapczuk6e@miibeian.gov.cn,Male,58.47.148.17
232,Marco,Mose,mmose6f@usa.gov,Male,82.76.105.157
233,Winni,Rubel,wrubel6g@people.com.cn,Female,224.18.33.77
234,Abdul,Romaynes,aromaynes6h@rambler.ru,Male,169.60.10.126
235,Gasparo,Loude,gloude6i@liveinternet.ru,Male,243.239.160.6
236,Emelen,Pymer,epymer6j@angelfire.com,Male,83.32.10.161
237,Joanne,Jeacop,jjeacop6k@barnesandnoble.com,Female,170.161.224.148
238,Nikos,Paunton,npaunton6l@istockphoto.com,Male,40.148.137.197
239,Lisbeth,Filisov,lfilisov6m@forbes.com,Female,7.151.106.139
240,Inger,Hendrickson,ihendrickson6n@rambler.ru,Male,8.241.90.29
241,Hew,Gillies,hgillies6o@hud.gov,Male,90.250.237.87
242,Abigael,Ballantyne,aballantyne6p@storify.com,Female,49.124.170.147
243,Julianna,Rustan,jrustan6q@liveinternet.ru,Non-binary,211.135.63.68
244,Guglielma,Alexsandrowicz,galexsandrowicz6r@flavors.me,Female,167.114.26.232
245,Shelton,Lettson,slettson6s@histats.com,Male,235.187.206.94
246,Karlee,Aspinall,kaspinall6t@t-online.de,Female,108.185.14.140
247,Marlow,Whipple,mwhipple6u@e-recht24.de,Polygender,220.56.136.126
248,Hilde,Gossop,hgossop6v@woothemes.com,Female,16.12.241.52
249,Armand,Patten,apatten6w@geocities.jp,Male,12.129.183.170
250,Misty,Ebsworth,mebsworth6x@techcrunch.com,Female,83.20.238.124
251,Stanislaw,Bealton,sbealton6y@shutterfly.com,Male,33.25.152.103
252,Dell,Thomasset,dthomasset6z@ning.com,Female,194.172.246.105
253,Calida,Timoney,ctimoney70@nba.com,Female,203.187.106.217
254,Filide,Seabrocke,fseabrocke71@loc.gov,Female,139.44.138.242
255,Tammy,Moriarty,tmoriarty72@businessinsider.com,Bigender,66.42.216.85
256,Keven,Channer,kchanner73@quantcast.com,Male,43.95.113.3
257,Thorin,Longo,tlongo74@un.org,Male,189.119.248.18
258,Mei,Quadling,mquadling75@feedburner.com,Female,30.132.226.248
259,Freda,Maycock,fmaycock76@stumbleupon.com,Female,171.68.21.221
260,Rey,Finneran,rfinneran77@youku.com,Female,70.68.212.183
261,Perkin,Bennike,pbennike78@springer.com,Male,249.108.247.186
262,Marty,Skirrow,mskirrow79@yahoo.com,Male,28.86.90.222
263,Kamilah,Wegener,kwegener7a@cyberchimps.com,Female,79.177.143.232
264,Shawn,Hauxby,shauxby7b@netscape.com,Male,207.182.61.157
265,Wakefield,Lisimore,wlisimore7c@google.co.uk,Bigender,126.172.203.24
266,Elliott,Chmiel,echmiel7d@wp.com,Male,221.197.86.84
267,Cody,Klimentov,cklimentov7e@bizjournals.com,Genderqueer,162.231.4.165
268,Merwyn,De Paoli,mdepaoli7f@blinklist.com,Male,184.31.70.169
269,Pegeen,Satch,psatch7g@wiley.com,Genderfluid,112.250.6.160
270,Clayborne,D'Avaux,cdavaux7h@harvard.edu,Male,169.216.50.53
271,Glynn,Flight,gflight7i@sitemeter.com,Male,58.187.144.124
272,Ferdinand,Boseley,fboseley7j@chicagotribune.com,Male,172.110.150.246
273,Sullivan,Weatherup,sweatherup7k@weebly.com,Male,52.3.28.11
274,Lorrayne,Frowen,lfrowen7l@stanford.edu,Female,143.205.129.66
275,Trumaine,McGhie,tmcghie7m@ca.gov,Male,3.130.62.255
276,Theda,Pavett,tpavett7n@hugedomains.com,Female,15.93.26.225
277,Myrta,Bartolomeo,mbartolomeo7o@nature.com,Female,71.42.88.200
278,Leda,Vigne,lvigne7p@icio.us,Female,135.127.122.200
279,Matthus,Fanning,mfanning7q@constantcontact.com,Male,92.188.56.62
280,Mallory,Lusgdin,mlusgdin7r@xinhuanet.com,Male,45.229.144.44
281,Anastasie,Cummine,acummine7s@gmpg.org,Genderqueer,167.181.242.63
282,Ibbie,Cossey,icossey7t@ow.ly,Female,88.209.188.249
283,Sutherland,Kimmel,skimmel7u@vimeo.com,Male,59.189.123.91
284,Maximo,Puzey,mpuzey7v@weather.com,Male,156.123.196.229
285,Fields,Tretter,ftretter7w@home.pl,Male,195.36.202.121
286,Bell,Hawkswell,bhawkswell7x@dedecms.com,Genderfluid,211.21.147.43
287,Elston,McIsaac,emcisaac7y@psu.edu,Male,253.48.168.79
288,Everard,Penketh,epenketh7z@hao123.com,Bigender,53.42.186.171
289,Harlie,Creyke,hcreyke80@geocities.com,Female,123.128.5.150
290,Brook,Hansill,bhansill81@typepad.com,Female,171.120.74.62
291,Kelly,Charlo,kcharlo82@biblegateway.com,Male,112.174.181.237
292,Boone,Pfertner,bpfertner83@usatoday.com,Male,94.137.62.144
293,Ives,Coggon,icoggon84@samsung.com,Male,180.20.229.61
294,Manolo,Stork,mstork85@pbs.org,Male,85.228.106.113
295,Basilio,Audas,baudas86@fastcompany.com,Male,80.251.62.102
296,Annmarie,MacLese,amaclese87@thetimes.co.uk,Genderfluid,138.76.116.101
297,Rois,Bambrick,rbambrick88@creativecommons.org,Female,190.37.184.99
298,Maren,Goakes,mgoakes89@stumbleupon.com,Female,183.25.20.148
299,Janka,Shiliton,jshiliton8a@cnbc.com,Female,177.52.69.70
300,Turner,Waggatt,twaggatt8b@japanpost.jp,Male,81.209.112.232
301,Isidor,Hurles,ihurles8c@globo.com,Male,254.25.90.196
302,Arne,Pirkis,apirkis8d@ocn.ne.jp,Male,99.183.20.32
303,Josepha,Orwin,jorwin8e@bravesites.com,Female,67.2.178.230
304,Kinsley,Daoust,kdaoust8f@baidu.com,Male,100.48.62.59
305,Wyatt,Downie,wdownie8g@illinois.edu,Male,242.59.92.102
306,Leila,Cornwell,lcornwell8h@whitehouse.gov,Female,162.159.91.62
307,Anna-maria,Rogister,arogister8i@yahoo.com,Female,162.16.209.33
308,Tymon,Cozby,tcozby8j@businessweek.com,Male,122.166.13.251
309,Jesselyn,Tiery,jtiery8k@fotki.com,Female,48.18.247.243
310,Marcel,Shipcott,mshipcott8l@google.co.uk,Male,241.130.3.57
311,Ty,Eyckelbeck,teyckelbeck8m@gmpg.org,Male,103.59.80.220
312,Lombard,Vynehall,lvynehall8n@blinklist.com,Male,168.77.93.225
313,Leslie,Blunsden,lblunsden8o@soundcloud.com,Non-binary,153.170.222.87
314,Mattheus,Creffeild,mcreffeild8p@yelp.com,Non-binary,178.180.202.38
315,Virginie,Ettels,vettels8q@artisteer.com,Female,120.235.8.175
316,Shalna,Killshaw,skillshaw8r@is.gd,Female,242.184.187.97
317,Lyndsay,Ricciardelli,lricciardelli8s@ibm.com,Female,152.58.105.182
318,Symon,Scallan,sscallan8t@w3.org,Male,61.28.232.234
319,Glynn,Wollers,gwollers8u@hexun.com,Male,155.19.66.28
320,Reube,Genery,rgenery8v@zdnet.com,Male,237.99.121.251
321,Gray,Bleby,gbleby8w@fotki.com,Bigender,240.140.32.63
322,Joeann,Mingo,jmingo8x@scientificamerican.com,Female,101.169.230.122
323,Eugen,Kittman,ekittman8y@usda.gov,Male,95.60.129.53
324,Homerus,Martensen,hmartensen8z@plala.or.jp,Male,246.1.208.71
325,Gwynne,Mayworth,gmayworth90@sciencedirect.com,Female,146.232.77.35
326,Sylvia,Akid,sakid91@etsy.com,Female,182.221.240.131
327,Florinda,Seldon,fseldon92@soup.io,Female,104.122.155.204
328,Fara,Antonat,fantonat93@youtu.be,Female,186.97.209.108
329,Eve,Clawe,eclawe94@icq.com,Female,164.11.98.71
330,Tod,Beinke,tbeinke95@taobao.com,Male,161.173.254.94
331,Lynnelle,Slafford,lslafford96@paypal.com,Female,94.129.203.164
332,Fowler,Spurdens,fspurdens97@hexun.com,Polygender,194.81.199.213
333,Torey,Henke,thenke98@trellian.com,Female,202.233.8.124
334,Ben,Guidetti,bguidetti99@unicef.org,Bigender,188.173.74.43
335,Kipp,Furlong,kfurlong9a@360.cn,Female,231.135.180.111
336,Audre,Elesander,aelesander9b@jalbum.net,Female,185.178.14.68
337,Verena,Ector,vector9c@vimeo.com,Female,218.49.46.29
338,Zedekiah,Atling,zatling9d@fastcompany.com,Male,248.98.131.74
339,Glynn,Metham,gmetham9e@princeton.edu,Non-binary,175.166.119.235
340,Laurianne,Sharply,lsharply9f@google.com.hk,Female,150.76.70.162
341,Morris,Inker,minker9g@utexas.edu,Male,117.141.94.105
342,Cliff,Pumphreys,cpumphreys9h@bloglines.com,Agender,184.244.42.198
343,Francois,Prigmore,fprigmore9i@sina.com.cn,Male,17.150.78.219
344,Aigneis,Caisley,acaisley9j@fastcompany.com,Female,41.125.27.40
345,Tristam,Fronzek,tfronzek9k@usnews.com,Male,156.51.215.99
346,Lon,Frears,lfrears9l@amazon.co.uk,Male,22.159.29.139
347,Andrew,Reef,areef9m@google.pl,Male,28.144.124.178
348,Alard,McGreay,amcgreay9n@amazon.co.uk,Male,151.74.71.37
349,Celeste,Aked,caked9o@nba.com,Female,70.8.90.65
350,Bourke,Cracie,bcracie9p@admin.ch,Male,4.231.35.43
351,Bessie,Rosindill,brosindill9q@berkeley.edu,Bigender,104.151.47.99
352,Hesther,Haxley,hhaxley9r@barnesandnoble.com,Female,81.236.107.7
353,Cullen,Middlebrook,cmiddlebrook9s@adobe.com,Male,1.148.24.194
354,Francine,Brignall,fbrignall9t@webs.com,Female,255.211.36.217
355,Hazel,Burroughes,hburroughes9u@naver.com,Male,130.213.211.38
356,Liam,Carlsson,lcarlsson9v@irs.gov,Male,77.59.41.176
357,Ladonna,Weighell,lweighell9w@soup.io,Female,93.93.227.91
358,Randy,Vennart,rvennart9x@sakura.ne.jp,Female,92.190.68.118
359,Patin,Colliver,pcolliver9y@ucoz.ru,Male,144.117.201.57
360,Cleve,Antoszczyk,cantoszczyk9z@a8.net,Male,121.239.88.159
361,Bryan,Boucher,bbouchera0@moonfruit.com,Male,4.12.115.71
362,North,Farrears,nfarrearsa1@ebay.co.uk,Male,127.85.98.232
363,Samson,Swyer,sswyera2@aol.com,Male,221.143.221.87
364,Townsend,Rathmell,trathmella3@squarespace.com,Male,72.77.241.179
365,Nari,Draycott,ndraycotta4@eventbrite.com,Female,44.176.185.122
366,Natty,Danbye,ndanbyea5@hatena.ne.jp,Female,99.29.194.93
367,Brion,Drinkhill,bdrinkhilla6@sciencedaily.com,Male,9.243.136.178
368,Tim,Metrick,tmetricka7@themeforest.net,Male,226.78.102.9
369,Broderick,Cathcart,bcathcarta8@comsenz.com,Male,70.249.193.84
370,Geoffrey,Baalham,gbaalhama9@army.mil,Male,119.118.192.157
371,Renate,Akester,rakesteraa@chron.com,Non-binary,31.222.146.163
372,Madelaine,Lindores,mlindoresab@epa.gov,Female,70.231.88.69
373,Eldridge,Vesty,evestyac@zimbio.com,Male,177.203.221.139
374,Isabel,Pomfrey,ipomfreyad@home.pl,Female,212.110.35.16
375,Hakeem,Brame,hbrameae@free.fr,Male,71.216.111.114
376,Dewitt,Gosford,dgosfordaf@spotify.com,Male,26.104.170.142
377,Mano,Francomb,mfrancombag@shinystat.com,Male,0.140.162.162
378,Carny,Fishley,cfishleyah@ox.ac.uk,Male,113.57.163.108
379,Hymie,Landrean,hlandreanai@alibaba.com,Male,201.128.229.21
380,Sibylle,Rudolph,srudolphaj@bing.com,Female,162.15.53.94
381,Felipe,Merwood,fmerwoodak@photobucket.com,Male,246.237.27.192
382,Baudoin,Roocroft,broocroftal@desdev.cn,Male,49.209.74.211
383,Joshuah,Carnalan,jcarnalanam@google.ca,Male,255.201.87.179
384,Ring,O'Shiel,roshielan@trellian.com,Polygender,2.8.131.62
385,Tracie,Frankish,tfrankishao@123-reg.co.uk,Male,13.160.160.166
386,Sallyann,Kondratowicz,skondratowiczap@upenn.edu,Female,192.80.216.140
387,Titus,Conkay,tconkayaq@bloglovin.com,Male,226.138.243.179
388,Stacee,Kach,skachar@java.com,Female,44.176.228.212
389,Payton,Curton,pcurtonas@samsung.com,Male,240.178.92.64
390,Bernardine,Dunklee,bdunkleeat@illinois.edu,Female,102.65.246.226
391,Granthem,Martine,gmartineau@paypal.com,Male,229.13.188.192
392,Spike,Roughan,sroughanav@nymag.com,Male,94.201.199.9
393,Chiquia,Hugnin,chugninaw@imageshack.us,Female,182.123.32.96
394,Giselbert,Fass,gfassax@multiply.com,Male,191.197.207.77
395,Raffaello,Cuckson,rcucksonay@seesaa.net,Male,20.34.82.179
396,Alasdair,Calven,acalvenaz@bbc.co.uk,Male,53.186.95.169
397,Adaline,Pechet,apechetb0@cocolog-nifty.com,Female,205.235.84.30
398,Kit,Jeacocke,kjeacockeb1@japanpost.jp,Male,77.188.194.226
399,Barnie,Houlson,bhoulsonb2@bbc.co.uk,Male,51.223.130.216
400,Adolf,Ondrasek,aondrasekb3@comsenz.com,Male,6.9.30.218
401,Gav,Lavarack,glavarackb4@yahoo.com,Male,162.60.210.227
402,Cherri,Lowton,clowtonb5@dropbox.com,Female,209.105.118.196
403,Bev,Perigeaux,bperigeauxb6@yandex.ru,Male,2.125.56.89
404,Yelena,Soppeth,ysoppethb7@boston.com,Female,221.114.212.36
405,Iris,Iceton,iicetonb8@marriott.com,Female,111.142.254.247
406,Sasha,Zavittieri,szavittierib9@hp.com,Agender,44.49.208.20
407,Emmalee,Veazey,eveazeyba@time.com,Female,201.189.7.34
408,Janeta,Trouel,jtrouelbb@newyorker.com,Female,175.84.244.46
409,Keefe,Sizeland,ksizelandbc@1und1.de,Male,107.159.183.118
410,Alejoa,Martinson,amartinsonbd@wordpress.org,Male,107.37.132.27
411,Natal,Gabriely,ngabrielybe@archive.org,Male,212.57.216.106
412,Carlie,Davern,cdavernbf@businessinsider.com,Male,21.89.239.226
413,Ellyn,Simchenko,esimchenkobg@wunderground.com,Female,150.252.59.232
414,Glenn,Cattenach,gcattenachbh@seesaa.net,Female,225.32.17.251
415,Chip,Shulem,cshulembi@phoca.cz,Male,75.217.145.172
416,Dane,Fewless,dfewlessbj@usda.gov,Male,225.106.104.117
417,Mela,Rosendale,mrosendalebk@godaddy.com,Female,69.186.26.229
418,Prisca,Lofting,ploftingbl@infoseek.co.jp,Female,4.122.4.89
419,Alfie,Wagon,awagonbm@scribd.com,Female,15.108.110.241
420,Bartolomeo,Bellee,bbelleebn@google.ru,Male,238.111.129.152
421,Hirsch,Laydon,hlaydonbo@xrea.com,Male,42.55.133.123
422,Wren,Nassi,wnassibp@slideshare.net,Female,137.124.171.59
423,Bram,Banbridge,bbanbridgebq@tripod.com,Male,128.182.144.83
424,Tara,Bellas,tbellasbr@dot.gov,Female,19.233.4.129
425,Garwood,Orbine,gorbinebs@illinois.edu,Male,128.84.14.108
426,Kerianne,Halcro,khalcrobt@xrea.com,Polygender,211.4.174.35
427,Bartholomew,Willgoose,bwillgoosebu@t.co,Male,24.100.180.41
428,Auroora,Hayfield,ahayfieldbv@go.com,Female,140.193.45.153
429,Cam,Stearn,cstearnbw@unesco.org,Female,159.35.154.106
430,Pam,Guillou,pguilloubx@mysql.com,Female,158.213.17.234
431,Felisha,Thomtson,fthomtsonby@nationalgeographic.com,Female,229.38.126.90
432,Zacharie,Banasiak,zbanasiakbz@vkontakte.ru,Male,149.221.31.98
433,Gram,Gribbin,ggribbinc0@yelp.com,Male,67.87.137.36
434,Bevon,Trosdall,btrosdallc1@webs.com,Male,113.206.144.44
435,Margette,O'Keenan,mokeenanc2@imdb.com,Female,210.208.70.41
436,Inez,Pimblotte,ipimblottec3@nature.com,Female,188.4.1.54
437,Barney,Glancy,bglancyc4@sfgate.com,Male,107.79.212.199
438,Kelsy,Ogle,koglec5@pen.io,Genderfluid,200.42.141.159
439,Stanfield,Benazet,sbenazetc6@upenn.edu,Male,238.32.50.105
440,Kathie,Sworne,kswornec7@netscape.com,Female,61.12.166.50
441,Tiphany,Chantree,tchantreec8@mozilla.com,Female,155.6.121.231
442,Marsha,Hanlon,mhanlonc9@gnu.org,Female,104.85.206.136
443,Rory,Gascar,rgascarca@ucla.edu,Male,210.84.231.40
444,Roda,Maddick,rmaddickcb@sphinn.com,Female,86.40.240.61
445,Hedvige,Alred,halredcc@squidoo.com,Female,42.209.95.49
446,Eberto,O'Scollee,eoscolleecd@boston.com,Agender,220.39.168.76
447,Ray,Pawlaczyk,rpawlaczykce@dot.gov,Male,197.115.96.42
448,Cary,Wherrit,cwherritcf@reverbnation.com,Male,59.134.159.178
449,Izaak,Studders,istudderscg@fotki.com,Male,186.128.62.24
450,Luise,Murfett,lmurfettch@ibm.com,Female,99.100.219.35
451,Willie,Snooks,wsnooksci@arizona.edu,Female,140.246.122.211
452,Jane,Wyne,jwynecj@china.com.cn,Genderfluid,234.88.102.52
453,Mayer,Lenton,mlentonck@foxnews.com,Male,48.141.167.249
454,Antoni,Sandaver,asandavercl@netscape.com,Non-binary,41.178.21.176
455,Merl,Parrett,mparrettcm@webnode.com,Female,131.88.78.80
456,Maxy,Quinnell,mquinnellcn@npr.org,Female,100.162.181.231
457,Aleda,Stanistrete,astanistreteco@japanpost.jp,Agender,72.237.184.154
458,Bogart,Filov,bfilovcp@loc.gov,Male,179.144.188.230
459,Bartram,Muge,bmugecq@ocn.ne.jp,Male,72.79.198.103
460,Bobbie,Loads,bloadscr@angelfire.com,Female,90.107.190.150
461,Hetty,Couling,hcoulingcs@nps.gov,Female,173.129.168.193
462,Gracie,Beckford,gbeckfordct@time.com,Female,44.82.204.223
463,Pauly,Pethrick,ppethrickcu@fastcompany.com,Polygender,94.209.94.181
464,Leeland,Phetteplace,lphetteplacecv@usatoday.com,Male,153.26.241.60
465,Lorette,Hoggin,lhoggincw@flickr.com,Female,71.74.222.214
466,Adelaide,Wellbank,awellbankcx@domainmarket.com,Female,120.207.43.68
467,Brendon,McAllan,bmcallancy@blinklist.com,Agender,38.214.4.242
468,Karlee,Gianasi,kgianasicz@cloudflare.com,Female,132.162.203.78
469,Micah,Martins,mmartinsd0@pbs.org,Male,27.252.138.185
470,Gale,Realy,grealyd1@blogtalkradio.com,Male,88.119.212.61
471,Arlie,Beviss,abevissd2@un.org,Female,251.0.175.112
472,Munmro,Alty,maltyd3@feedburner.com,Male,161.233.248.139
473,Heath,Bicknell,hbicknelld4@intel.com,Male,155.126.131.116
474,Anna,Kopta,akoptad5@bloomberg.com,Polygender,169.49.188.179
475,Tally,McPhee,tmcpheed6@mail.ru,Female,238.65.165.114
476,Corby,de Marco,cdemarcod7@weibo.com,Male,88.12.252.122
477,Netty,Bowskill,nbowskilld8@patch.com,Female,192.101.4.58
478,Corny,Vellender,cvellenderd9@wunderground.com,Male,70.125.88.15
479,Rockey,Sambrook,rsambrookda@discovery.com,Male,239.181.119.236
480,Roley,Janny,rjannydb@abc.net.au,Male,254.229.137.78
481,Reiko,McKnockiter,rmcknockiterdc@shareasale.com,Female,119.98.3.160
482,Carly,Thurman,cthurmandd@phpbb.com,Male,1.112.13.192
483,Willow,Hunting,whuntingde@bravesites.com,Genderfluid,199.201.190.169
484,Annmaria,Ruecastle,aruecastledf@wunderground.com,Female,48.124.144.31
485,Neddie,Maddams,nmaddamsdg@oracle.com,Male,93.129.9.126
486,Kiri,Condict,kcondictdh@stanford.edu,Female,127.196.193.189
487,Isaiah,Scoggan,iscoggandi@sun.com,Male,188.104.251.36
488,Katleen,Dibbin,kdibbindj@goo.ne.jp,Female,163.82.100.33
489,Rebecka,Rawlyns,rrawlynsdk@multiply.com,Female,194.140.0.127
490,Min,Lough,mloughdl@behance.net,Female,13.41.249.183
491,Taddeo,Craythorne,tcraythornedm@nytimes.com,Male,170.168.117.129
492,Hugues,Mitrovic,hmitrovicdn@vkontakte.ru,Male,128.104.81.105
493,Bobbie,Connow,bconnowdo@washington.edu,Female,111.47.4.227
494,Rudy,Pering,rperingdp@globo.com,Male,211.147.128.188
495,Zonnya,Sirr,zsirrdq@wsj.com,Agender,46.134.63.76
496,Darnall,Putterill,dputterilldr@unesco.org,Male,224.165.175.55
497,Huntley,Bedin,hbedinds@adobe.com,Male,236.235.199.117
498,Cole,Hugo,chugodt@wsj.com,Male,14.34.241.184
499,Vinni,Dorkin,vdorkindu@ted.com,Female,12.152.102.61
500,Magnum,Benoiton,mbenoitondv@posterous.com,Male,126.60.248.50
501,Sawyer,Kamall,skamalldw@cisco.com,Male,106.242.216.85
502,Reinaldos,Lyons,rlyonsdx@engadget.com,Agender,128.163.173.153
503,Cazzie,Loft,cloftdy@engadget.com,Male,17.132.125.119
504,Lovell,Dingwall,ldingwalldz@drupal.org,Genderfluid,134.240.5.184
505,Engelbert,Stidworthy,estidworthye0@shareasale.com,Male,155.236.49.47
506,Bethanne,Bocock,bbococke1@ehow.com,Female,65.10.92.169
507,Zabrina,Hanselmann,zhanselmanne2@lycos.com,Female,59.70.224.0
508,Nikolaus,Bovey,nboveye3@people.com.cn,Male,140.95.110.15
509,Augustin,Wakeford,awakeforde4@wikipedia.org,Male,110.29.107.222
510,Meredeth,Wallhead,mwallheade5@youtu.be,Male,220.111.16.43
511,Francisca,Riordan,friordane6@walmart.com,Genderqueer,138.207.84.128
512,Bamby,Duffet,bduffete7@cnet.com,Female,212.22.139.161
513,Seward,Ellwood,sellwoode8@topsy.com,Male,79.232.183.30
514,Lacey,Deek,ldeeke9@yahoo.com,Genderqueer,177.111.188.75
515,Deeann,Orfeur,dorfeurea@indiatimes.com,Female,252.197.211.103
516,Jenny,Michal,jmichaleb@biglobe.ne.jp,Female,49.197.24.94
517,Kassey,McTiernan,kmctiernanec@rediff.com,Non-binary,79.175.234.54
518,Chilton,Ivushkin,civushkined@webmd.com,Male,230.41.203.104
519,Aron,Enterle,aenterleee@cpanel.net,Male,47.245.53.82
520,Rudyard,Gebuhr,rgebuhref@cdc.gov,Male,186.48.37.6
521,Lazaro,Ambrois,lambroiseg@cloudflare.com,Male,79.38.166.125
522,Jerrilyn,Pembery,jpemberyeh@prlog.org,Female,123.114.236.233
523,Vaughn,Trengrove,vtrengroveei@rakuten.co.jp,Male,77.238.134.46
524,Reg,Robertet,rrobertetej@narod.ru,Male,23.120.99.162
525,Lemmy,Cowpe,lcowpeek@tumblr.com,Male,232.51.112.37
526,Ruddie,Fridlington,rfridlingtonel@nbcnews.com,Male,242.133.208.35
527,Brucie,Etock,betockem@feedburner.com,Male,109.255.31.15
528,Thoma,Jowers,tjowersen@godaddy.com,Male,233.133.89.15
529,Maggee,Maskew,mmaskeweo@accuweather.com,Bigender,177.138.177.209
530,Ludwig,Cleynman,lcleynmanep@cnet.com,Male,22.104.79.25
531,Victoria,Vassie,vvassieeq@nba.com,Female,72.35.210.119
532,Valdemar,Gulc,vgulcer@instagram.com,Male,182.222.77.239
533,Laurie,Penkman,lpenkmanes@imageshack.us,Male,26.254.211.78
534,Melisent,Mapstone,mmapstoneet@techcrunch.com,Female,175.100.211.62
535,Shanta,Kitchinghan,skitchinghaneu@constantcontact.com,Polygender,13.119.216.169
536,Roseanna,Dockreay,rdockreayev@ftc.gov,Female,3.255.164.197
537,Licha,Simonato,lsimonatoew@merriam-webster.com,Female,83.4.68.136
538,Noreen,Tremethack,ntremethackex@lulu.com,Female,14.92.43.110
539,Toma,Wooles,twoolesey@nymag.com,Polygender,180.189.252.61
540,Kirstin,Gunby,kgunbyez@house.gov,Female,142.251.165.61
541,Nicolina,Heymes,nheymesf0@yelp.com,Female,237.234.212.100
542,Reeba,Haythornthwaite,rhaythornthwaitef1@sourceforge.net,Female,178.81.125.209
543,Kacy,Groven,kgrovenf2@freewebs.com,Female,109.75.18.98
544,Grissel,Pettinger,gpettingerf3@multiply.com,Female,220.153.214.245
545,Gregg,McCoish,gmccoishf4@webeden.co.uk,Male,86.145.87.42
546,Salvador,Caustic,scausticf5@hubpages.com,Male,250.200.22.75
547,Vikki,Filon,vfilonf6@purevolume.com,Female,24.119.144.208
548,Deeanne,Lacelett,dlacelettf7@thetimes.co.uk,Female,211.200.158.120
549,Netty,Tillyer,ntillyerf8@clickbank.net,Female,210.124.11.211
550,Jamie,Lettington,jlettingtonf9@technorati.com,Female,130.166.54.202
551,Denver,Walas,dwalasfa@jimdo.com,Male,120.102.187.48
552,Luz,Grocutt,lgrocuttfb@rediff.com,Bigender,164.9.77.186
553,Hurley,Gravet,hgravetfc@usgs.gov,Male,204.72.22.214
554,Ker,Maharey,kmahareyfd@rediff.com,Male,207.86.30.221
555,Shandee,Janssens,sjanssensfe@webmd.com,Non-binary,100.88.19.29
556,Flori,Donisthorpe,fdonisthorpeff@bing.com,Female,119.51.225.32
557,Halsey,Border,hborderfg@cdbaby.com,Male,188.6.66.39
558,Pamelina,O'Shesnan,poshesnanfh@umich.edu,Female,213.92.133.106
559,Katy,Caile,kcailefi@pinterest.com,Female,190.150.94.6
560,Boy,Extence,bextencefj@freewebs.com,Non-binary,235.2.194.146
561,Averil,Inkster,ainksterfk@gmpg.org,Male,76.141.131.173
562,Concettina,Whalley,cwhalleyfl@reference.com,Female,226.81.116.82
563,Ashton,Kulicke,akulickefm@jalbum.net,Male,64.223.153.41
564,Ellery,Salvidge,esalvidgefn@purevolume.com,Male,216.127.61.65
565,Urban,Mewis,umewisfo@un.org,Polygender,88.107.174.212
566,Ashby,Reggiani,areggianifp@constantcontact.com,Male,85.251.178.144
567,Romona,Bridat,rbridatfq@indiatimes.com,Female,107.73.9.4
568,Oliviero,Algie,oalgiefr@go.com,Male,252.56.118.10
569,Clim,Piscopello,cpiscopellofs@newsvine.com,Male,38.76.34.83
570,Rosmunda,Sobtka,rsobtkaft@senate.gov,Bigender,25.216.102.248
571,Maryjane,Collie,mcolliefu@oracle.com,Female,134.2.226.125
572,Wyatan,Learoid,wlearoidfv@upenn.edu,Male,34.66.190.17
573,Rabi,Dobsons,rdobsonsfw@noaa.gov,Male,58.244.215.29
574,Nolly,Statton,nstattonfx@amazon.co.uk,Male,138.205.197.246
575,Gino,De Ferraris,gdeferrarisfy@stanford.edu,Male,247.214.38.9
576,Channa,Bricknell,cbricknellfz@illinois.edu,Female,193.153.190.113
577,Nahum,Yemm,nyemmg0@cnet.com,Male,195.119.35.106
578,Nathalia,Emmott,nemmottg1@123-reg.co.uk,Female,205.249.225.233
579,Fonzie,Mewe,fmeweg2@desdev.cn,Male,176.90.181.230
580,Tierney,Extall,textallg3@patch.com,Female,190.8.215.239
581,Ernestine,Ingreda,eingredag4@vimeo.com,Female,7.192.88.30
582,Caresa,Lonergan,clonergang5@wsj.com,Female,194.62.249.253
583,Mathian,Dumphy,mdumphyg6@cargocollective.com,Male,29.133.166.49
584,Alon,Mash,amashg7@shinystat.com,Male,241.128.44.217
585,Corinne,Peert,cpeertg8@smugmug.com,Female,33.195.104.122
586,Alana,Eayrs,aeayrsg9@chicagotribune.com,Bigender,84.100.229.47
587,Mechelle,Schuricke,mschurickega@accuweather.com,Female,60.147.213.128
588,Kyrstin,Edinborough,kedinboroughgb@pcworld.com,Female,221.187.67.32
589,Dolli,Smuth,dsmuthgc@ow.ly,Female,99.135.203.173
590,Jock,Faldoe,jfaldoegd@cornell.edu,Genderqueer,114.254.56.222
591,Odille,Arndt,oarndtge@soundcloud.com,Female,58.174.144.235
592,Dee dee,Janikowski,djanikowskigf@arstechnica.com,Female,234.146.51.216
593,Park,Giacomucci,pgiacomuccigg@yahoo.co.jp,Male,49.8.240.101
594,Junina,Dansie,jdansiegh@mlb.com,Female,169.219.85.145
595,Ingrid,Kimmince,ikimmincegi@drupal.org,Female,176.166.28.119
596,Vaughan,Petticrow,vpetticrowgj@theatlantic.com,Bigender,79.31.254.234
597,Carmita,Painten,cpaintengk@taobao.com,Genderfluid,15.143.214.214
598,Sherri,Manwaring,smanwaringgl@apache.org,Female,25.200.52.255
599,Fidole,Fergie,ffergiegm@wunderground.com,Male,109.204.167.35
600,Fredia,McCahill,fmccahillgn@nbcnews.com,Female,134.15.3.19
601,Verge,Spaughton,vspaughtongo@opera.com,Male,75.208.64.91
602,Gottfried,Perview,gperviewgp@berkeley.edu,Male,48.26.32.172
603,Mollie,Jennemann,mjennemanngq@vkontakte.ru,Female,150.141.139.16
604,Yorker,Warin,ywaringr@youtu.be,Male,159.69.120.25
605,Brandie,Guyet,bguyetgs@tiny.cc,Female,31.35.118.7
606,Lorrin,Rooke,lrookegt@goo.ne.jp,Female,117.42.139.69
607,Dorian,Dransfield,ddransfieldgu@cbsnews.com,Male,47.249.147.2
608,Nancie,Gossage,ngossagegv@kickstarter.com,Female,30.34.247.133
609,Theodosia,Ledger,tledgergw@list-manage.com,Female,176.176.31.76
610,Hestia,Kemmey,hkemmeygx@bloglines.com,Bigender,135.104.84.159
611,Ursuline,Kleeman,ukleemangy@statcounter.com,Female,46.88.172.88
612,Ike,Amery,iamerygz@ovh.net,Male,253.183.110.152
613,Ammamaria,Cluett,acluetth0@meetup.com,Female,62.240.109.60
614,Licha,Marson,lmarsonh1@php.net,Female,103.33.202.107
615,Terrell,Faunch,tfaunchh2@ed.gov,Male,152.174.101.36
616,Virginia,Rebeiro,vrebeiroh3@microsoft.com,Female,5.58.210.191
617,Ricky,Aronstam,raronstamh4@ted.com,Male,82.228.135.67
618,Brantley,Pasterfield,bpasterfieldh5@stanford.edu,Male,139.207.105.169
619,Wilek,MacNeillie,wmacneillieh6@pbs.org,Male,34.76.109.29
620,Dav,Ride,drideh7@hc360.com,Male,189.51.76.232
621,Albertina,Ivashkov,aivashkovh8@ask.com,Female,60.133.94.8
622,Lotti,Millions,lmillionsh9@wikia.com,Female,130.88.169.150
623,Odelia,Caisley,ocaisleyha@wired.com,Female,172.5.219.186
624,Fernanda,Gilphillan,fgilphillanhb@canalblog.com,Female,255.47.110.151
625,Uriah,Danilyuk,udanilyukhc@newsvine.com,Male,130.120.72.195
626,Keane,Tranter,ktranterhd@elegantthemes.com,Male,113.92.10.106
627,Bernice,Carriage,bcarriagehe@aol.com,Female,143.56.174.153
628,Hephzibah,Betteridge,hbetteridgehf@rakuten.co.jp,Female,19.145.127.148
629,Eugenio,Klausewitz,eklausewitzhg@noaa.gov,Male,159.167.182.225
630,Aldon,Ixer,aixerhh@sun.com,Male,120.65.188.116
631,Feliks,Van Der Hoog,fvanderhooghi@nbcnews.com,Male,104.222.102.27
632,Pollyanna,Filippucci,pfilippuccihj@ifeng.com,Female,154.41.144.208
633,Justus,MacKellar,jmackellarhk@admin.ch,Male,118.62.32.94
634,Clim,Muzzall,cmuzzallhl@zimbio.com,Male,190.88.19.226
635,Inez,Yelland,iyellandhm@fotki.com,Female,55.249.238.115
636,Carlie,Taveriner,ctaverinerhn@github.io,Male,39.209.53.47
637,Teressa,Bisatt,tbisattho@icq.com,Agender,80.142.107.2
638,Brenden,Germaine,bgermainehp@dailymotion.com,Male,177.131.254.66
639,Wright,Atwell,watwellhq@washington.edu,Male,73.34.7.46
640,Rebbecca,Bridgeman,rbridgemanhr@taobao.com,Female,177.195.52.65
641,Nico,Anyon,nanyonhs@liveinternet.ru,Male,246.124.54.126
642,Rollie,Mulholland,rmulhollandht@unblog.fr,Male,168.205.174.148
643,Meridith,Ivasyushkin,mivasyushkinhu@berkeley.edu,Female,90.31.87.199
644,Donnajean,Clemow,dclemowhv@businesswire.com,Female,84.153.116.222
645,Kelsi,Linforth,klinforthhw@ow.ly,Bigender,37.167.61.44
646,Gasparo,Dorwood,gdorwoodhx@woothemes.com,Male,144.75.101.154
647,Nealy,Braun,nbraunhy@mapy.cz,Agender,188.252.114.156
648,Lawry,Lauritsen,llauritsenhz@altervista.org,Male,126.227.31.216
649,Dominique,Prozescky,dprozesckyi0@usda.gov,Male,113.73.52.220
650,Hermon,Orrett,horretti1@time.com,Male,125.151.90.143
651,Jaymie,Hullett,jhulletti2@mozilla.org,Male,138.33.172.208
652,Jany,Millan,jmillani3@noaa.gov,Female,193.111.126.168
653,Josefa,Bessett,jbessetti4@loc.gov,Bigender,30.212.66.3
654,Debbi,Knightly,dknightlyi5@technorati.com,Female,50.195.179.249
655,Janel,Sommer,jsommeri6@bigcartel.com,Female,46.146.38.156
656,Caro,Pharaoh,cpharaohi7@vk.com,Female,45.216.107.116
657,Kipp,Raoult,kraoulti8@shop-pro.jp,Genderfluid,27.157.218.227
658,Corey,Losel,closeli9@cam.ac.uk,Male,120.133.63.5
659,Nanny,Skechley,nskechleyia@tinypic.com,Female,72.191.31.191
660,Cornela,Mell,cmellib@java.com,Female,23.81.246.228
661,Miguela,Gladhill,mgladhillic@typepad.com,Non-binary,76.235.31.24
662,Ingeberg,Exon,iexonid@yolasite.com,Female,118.91.205.98
663,Greer,Jeandillou,gjeandillouie@time.com,Female,159.165.2.76
664,Sax,Clowes,sclowesif@sbwire.com,Male,216.175.140.1
665,Ferdy,Izkovitz,fizkovitzig@sina.com.cn,Male,116.53.115.155
666,Yuma,De Andreis,ydeandreisih@multiply.com,Male,124.218.36.186
667,Belva,Oxx,boxxii@cyberchimps.com,Female,177.109.148.240
668,Jeramie,Hambelton,jhambeltonij@si.edu,Male,110.137.115.152
669,Valli,Fleetham,vfleethamik@go.com,Female,200.91.215.216
670,Tomasine,Pimbley,tpimbleyil@scribd.com,Female,207.210.194.106
671,Cari,Pardue,cpardueim@joomla.org,Female,178.28.80.7
672,Joni,Lembke,jlembkein@buzzfeed.com,Female,110.18.246.205
673,Michael,Pauwel,mpauwelio@ebay.com,Male,139.223.114.24
674,Morry,Hacking,mhackingip@elpais.com,Male,127.55.218.40
675,Bradley,Sacher,bsacheriq@dot.gov,Male,147.188.238.160
676,Patrizio,Palfree,ppalfreeir@aol.com,Male,74.233.119.140
677,Hughie,Pervew,hpervewis@businessinsider.com,Male,192.52.143.6
678,Eleonora,Coolbear,ecoolbearit@seattletimes.com,Female,23.183.75.104
679,Otis,Gregori,ogregoriiu@exblog.jp,Male,129.212.170.125
680,Brigit,Gibbon,bgibboniv@youtube.com,Female,136.191.28.177
681,Henka,Ocheltree,hocheltreeiw@techcrunch.com,Female,44.33.39.121
682,Tamar,Hebbes,thebbesix@si.edu,Female,237.165.184.244
683,Francene,Aldwich,faldwichiy@ow.ly,Female,231.64.155.39
684,Judie,Puve,jpuveiz@princeton.edu,Agender,187.187.3.160
685,Hildegarde,Jiri,hjirij0@geocities.com,Female,89.186.202.122
686,Alley,Braundt,abraundtj1@artisteer.com,Male,215.79.30.188
687,Onfroi,Vesco,ovescoj2@google.es,Male,253.79.142.108
688,Nanci,Raittie,nraittiej3@edublogs.org,Female,58.150.131.246
689,Davin,Shanks,dshanksj4@yandex.ru,Male,168.85.168.212
690,Jeri,Wayon,jwayonj5@paginegialle.it,Polygender,31.254.29.97
691,Berna,McTrustie,bmctrustiej6@posterous.com,Female,192.60.130.212
692,Danyelle,Vasilov,dvasilovj7@seattletimes.com,Female,20.141.207.189
693,Becki,O'Cannovane,bocannovanej8@topsy.com,Female,248.59.32.150
694,Linnet,Bollins,lbollinsj9@disqus.com,Female,1.117.57.98
695,Gert,Gregersen,ggregersenja@wiley.com,Female,229.168.97.147
696,Ruthann,Royl,rroyljb@nymag.com,Female,171.7.255.23
697,Guss,Deval,gdevaljc@icio.us,Male,251.195.54.152
698,Vince,Hernik,vhernikjd@hibu.com,Male,144.242.221.144
699,Tildie,Traut,ttrautje@unesco.org,Bigender,56.185.51.254
700,Leelah,Corbould,lcorbouldjf@independent.co.uk,Female,150.96.238.96
701,Dudley,Narrie,dnarriejg@huffingtonpost.com,Male,82.175.109.47
702,Mikey,Flinders,mflindersjh@kickstarter.com,Male,198.130.239.233
703,Jacintha,Barribal,jbarribalji@cyberchimps.com,Female,196.222.21.46
704,Delcina,Vidineev,dvidineevjj@chicagotribune.com,Female,187.178.129.181
705,Dyanna,Tester,dtesterjk@adobe.com,Female,92.230.198.75
706,Ailey,Toffanelli,atoffanellijl@google.it,Female,108.218.153.153
707,Tine,Larroway,tlarrowayjm@prlog.org,Female,19.174.97.2
708,Helsa,Veljes,hveljesjn@weather.com,Female,44.7.25.67
709,Falkner,Sheers,fsheersjo@about.me,Male,17.189.102.43
710,Claudetta,Beckwith,cbeckwithjp@aol.com,Female,188.139.254.66
711,Fae,De Rye Barrett,fderyebarrettjq@wordpress.org,Female,114.72.74.244
712,Judith,Bonnick,jbonnickjr@webnode.com,Female,76.175.79.72
713,Richmond,Jancso,rjancsojs@pagesperso-orange.fr,Non-binary,83.89.116.19
714,Micheil,MacCumiskey,mmaccumiskeyjt@wix.com,Male,154.146.18.141
715,Charlton,Darby,cdarbyju@odnoklassniki.ru,Agender,235.56.109.73
716,Inness,Hellicar,ihellicarjv@home.pl,Male,72.173.149.141
717,Pierrette,Stealy,pstealyjw@tamu.edu,Female,100.164.0.253
718,Elsinore,Ahmad,eahmadjx@yahoo.co.jp,Female,41.40.242.210
719,Gerhardine,Mustchin,gmustchinjy@networkadvertising.org,Female,54.20.255.175
720,Kellia,Songer,ksongerjz@theatlantic.com,Female,167.120.58.67
721,Chaim,Westgarth,cwestgarthk0@nydailynews.com,Male,70.218.126.6
722,Mallissa,Verheyden,mverheydenk1@soup.io,Female,226.195.129.51
723,Theadora,Jarrad,tjarradk2@wp.com,Female,59.36.129.79
724,King,Stanlake,kstanlakek3@utexas.edu,Male,30.53.132.144
725,Gauthier,Skellington,gskellingtonk4@behance.net,Male,191.102.177.62
726,Laetitia,Bubear,lbubeark5@list-manage.com,Female,251.180.154.34
727,Marietta,Chater,mchaterk6@washingtonpost.com,Female,207.90.118.242
728,Kim,Walsham,kwalshamk7@phoca.cz,Male,84.223.89.64
729,Verne,Pawlowicz,vpawlowiczk8@ezinearticles.com,Agender,177.100.134.62
730,Ludovico,Swatten,lswattenk9@thetimes.co.uk,Male,199.221.195.39
731,Susanetta,Reidie,sreidieka@liveinternet.ru,Female,169.13.161.184
732,Dyanna,De Bruijn,ddebruijnkb@bing.com,Female,254.119.28.12
733,Jacobo,Hanmore,jhanmorekc@pcworld.com,Male,225.108.217.62
734,Bonnee,Jarman,bjarmankd@prnewswire.com,Genderfluid,89.58.172.210
735,Staffard,Etherington,setheringtonke@yahoo.co.jp,Male,21.13.182.89
736,Dugald,Maryin,dmaryinkf@youtube.com,Male,244.240.205.63
737,Tully,MacCorley,tmaccorleykg@ed.gov,Male,110.165.198.179
738,Patrice,Pughsley,ppughsleykh@shareasale.com,Female,177.15.122.78
739,Anthony,Broadbent,abroadbentki@sphinn.com,Male,249.121.152.31
740,Gordie,Kells,gkellskj@microsoft.com,Male,164.113.200.120
741,Elissa,Cracoe,ecracoekk@google.es,Genderfluid,105.134.7.153
742,Christi,Gabbat,cgabbatkl@shareasale.com,Agender,71.253.199.161
743,Randolf,Attkins,rattkinskm@deviantart.com,Male,44.82.34.226
744,Juliette,Dishman,jdishmankn@yolasite.com,Female,157.174.26.59
745,Travers,Dufton,tduftonko@java.com,Male,106.130.46.141
746,Lusa,Joesbury,ljoesburykp@over-blog.com,Bigender,241.222.123.119
747,Doralyn,Vela,dvelakq@spiegel.de,Female,216.211.116.204
748,Camala,Bowness,cbownesskr@nhs.uk,Female,0.24.16.51
749,Alwyn,Basile,abasileks@e-recht24.de,Male,36.22.178.214
750,Wallis,Feighney,wfeighneykt@ft.com,Male,234.59.14.148
751,Jere,Kunkler,jkunklerku@reddit.com,Female,163.188.70.26
752,Shelton,Calcut,scalcutkv@cisco.com,Male,129.253.84.207
753,Vladimir,Maides,vmaideskw@wikimedia.org,Male,6.193.120.150
754,Adrian,Dursley,adursleykx@arizona.edu,Non-binary,82.115.186.143
755,Ahmad,Bednell,abednellky@cdc.gov,Male,78.232.184.34
756,Ethelda,Wapple,ewapplekz@yolasite.com,Female,176.138.205.135
757,Alon,Gunner,agunnerl0@a8.net,Genderfluid,235.10.176.75
758,Brewer,Squelch,bsquelchl1@multiply.com,Male,223.182.48.233
759,Shae,Hunter,shunterl2@hhs.gov,Male,88.7.153.182
760,Kacie,Peniman,kpenimanl3@bravesites.com,Female,129.167.153.85
761,Alric,Houten,ahoutenl4@elpais.com,Male,47.200.87.144
762,Xever,Woodworth,xwoodworthl5@blogger.com,Male,151.113.100.93
763,Warner,Braban,wbrabanl6@theguardian.com,Genderqueer,107.12.74.235
764,Cornie,Cutill,ccutilll7@reverbnation.com,Male,249.148.176.248
765,Brantley,Dumbleton,bdumbletonl8@sfgate.com,Male,75.181.46.28
766,Hernando,Barck,hbarckl9@mapquest.com,Male,218.171.49.224
767,Shantee,Caught,scaughtla@weebly.com,Female,80.128.151.213
768,Theodora,Malsher,tmalsherlb@weebly.com,Female,34.172.86.242
769,Abraham,Hoonahan,ahoonahanlc@sciencedirect.com,Male,104.37.111.19
770,Arielle,Godridge,agodridgeld@tmall.com,Genderfluid,223.147.179.22
771,Dennie,Stradling,dstradlingle@nps.gov,Female,151.108.150.189
772,Gage,Sannes,gsanneslf@yahoo.com,Male,86.170.77.207
773,Andre,Purtell,apurtelllg@deliciousdays.com,Male,104.47.29.154
774,Derrick,Garber,dgarberlh@vkontakte.ru,Male,2.183.166.186
775,Rafferty,Pavlenko,rpavlenkoli@nih.gov,Genderfluid,38.36.229.240
776,Durward,Ditter,dditterlj@desdev.cn,Male,52.116.244.164
777,Will,Wile,wwilelk@nasa.gov,Male,81.5.107.123
778,Eldridge,Triner,etrinerll@dell.com,Male,193.178.247.131
779,Quincey,Yuille,qyuillelm@bluehost.com,Male,194.201.106.165
780,Robenia,Luddy,rluddyln@google.cn,Female,83.87.70.65
781,Gerardo,McInteer,gmcinteerlo@shareasale.com,Male,157.197.215.131
782,Carlie,Hardage,chardagelp@buzzfeed.com,Male,143.39.136.131
783,Korry,Maharey,kmahareylq@g.co,Female,247.208.255.149
784,Kristine,Simmen,ksimmenlr@paginegialle.it,Female,89.208.209.106
785,Beck,Hannent,bhannentls@ca.gov,Male,86.127.216.229
786,Mayer,Theobold,mtheoboldlt@jimdo.com,Male,60.230.57.28
787,Brooks,Seefeldt,bseefeldtlu@wikipedia.org,Female,43.100.57.211
788,Ezechiel,Thicking,ethickinglv@tumblr.com,Male,17.44.30.208
789,Leigh,Skowcraft,lskowcraftlw@dion.ne.jp,Male,42.65.131.251
790,Tracy,Keesman,tkeesmanlx@timesonline.co.uk,Male,123.88.121.60
791,Damaris,McIlory,dmciloryly@thetimes.co.uk,Female,182.251.201.215
792,Remington,Wintle,rwintlelz@hc360.com,Male,122.159.183.107
793,Shalna,Boodell,sboodellm0@nps.gov,Female,245.179.19.5
794,Anselm,Reihm,areihmm1@theglobeandmail.com,Non-binary,141.80.73.28
795,Bronson,Acome,bacomem2@guardian.co.uk,Male,255.161.215.70
796,Viviana,Ribchester,vribchesterm3@salon.com,Female,146.252.14.25
797,Nana,Grogan,ngroganm4@fastcompany.com,Female,142.72.156.11
798,Eli,Dorracott,edorracottm5@arstechnica.com,Male,186.215.17.48
799,Doralin,Jenk,djenkm6@sciencedirect.com,Bigender,65.123.105.131
800,Alley,Leatt,aleattm7@amazon.de,Male,86.47.202.177
801,Buiron,Trass,btrassm8@nasa.gov,Male,129.38.195.86
802,Nial,Gomersal,ngomersalm9@nih.gov,Genderqueer,51.100.170.89
803,Sunny,Geraud,sgeraudma@huffingtonpost.com,Female,86.161.206.133
804,Mohandis,Pantone,mpantonemb@fema.gov,Male,127.46.82.102
805,Clevie,Kinset,ckinsetmc@pbs.org,Male,56.28.248.25
806,Denys,Trime,dtrimemd@ehow.com,Male,250.244.110.38
807,Brew,Cosbey,bcosbeyme@nationalgeographic.com,Male,128.7.105.104
808,Cornelle,Connealy,cconnealymf@bluehost.com,Female,238.107.40.183
809,Tandi,Abreheart,tabreheartmg@uol.com.br,Female,108.64.170.237
810,Marj,Dinning,mdinningmh@china.com.cn,Female,11.186.41.54
811,Kerri,Renfree,krenfreemi@yandex.ru,Female,104.154.191.252
812,Dun,Hemmingway,dhemmingwaymj@wsj.com,Male,120.246.195.152
813,Muffin,Giacoppo,mgiacoppomk@eepurl.com,Male,138.253.72.110
814,Tami,Allix,tallixml@csmonitor.com,Female,242.163.135.148
815,Ellwood,Meo,emeomm@newsvine.com,Male,2.64.218.113
816,Rriocard,Fisbey,rfisbeymn@zimbio.com,Male,114.93.26.135
817,Salomone,Dukes,sdukesmo@admin.ch,Male,46.28.97.52
818,Cchaddie,Steptoe,csteptoemp@multiply.com,Male,103.243.45.249
819,Herold,Sidworth,hsidworthmq@exblog.jp,Male,129.204.53.45
820,Zena,Dimmock,zdimmockmr@shop-pro.jp,Female,70.111.213.41
821,Gillan,Ancell,gancellms@4shared.com,Female,202.117.255.152
822,Levin,Critten,lcrittenmt@flavors.me,Male,28.246.176.137
823,Michael,Kummerlowe,mkummerlowemu@digg.com,Male,122.82.20.165
824,Clair,Trammel,ctrammelmv@examiner.com,Male,23.243.222.160
825,Bonny,Peschmann,bpeschmannmw@wp.com,Female,84.189.211.108
826,Manfred,Ruter,mrutermx@geocities.jp,Male,13.109.137.62
827,Thebault,McGrirl,tmcgrirlmy@bbc.co.uk,Male,159.11.13.64
828,Corilla,Rubenfeld,crubenfeldmz@princeton.edu,Female,105.128.140.132
829,Krystle,Greendale,kgreendalen0@indiegogo.com,Female,160.168.74.64
830,Elsi,Coggon,ecoggonn1@vimeo.com,Female,72.3.76.231
831,Jared,Elsegood,jelsegoodn2@simplemachines.org,Male,228.158.144.151
832,Cheslie,Berdale,cberdalen3@nps.gov,Female,144.75.85.217
833,Augustina,Dine-Hart,adinehartn4@hc360.com,Female,215.152.207.141
834,Alyssa,Vayro,avayron5@about.com,Female,193.255.227.95
835,Lewie,Caso,lcason6@deliciousdays.com,Male,135.230.161.70
836,Stacee,Marron,smarronn7@cbsnews.com,Male,58.67.31.97
837,Fidelia,Rabbatts,frabbattsn8@walmart.com,Female,47.236.114.31
838,Ilysa,Blower,iblowern9@vk.com,Genderfluid,146.23.226.157
839,Brod,Mortlock,bmortlockna@noaa.gov,Male,80.175.138.142
840,Clarinda,Perryn,cperrynnb@163.com,Female,188.49.103.58
841,Donelle,Pund,dpundnc@goodreads.com,Female,179.137.65.248
842,Johnath,O' Concannon,joconcannonnd@sourceforge.net,Female,116.39.202.156
843,Roseanna,Trustram,rtrustramne@de.vu,Female,145.212.146.158
844,Hedwig,Adame,hadamenf@symantec.com,Female,17.236.120.206
845,Dayle,Blackaby,dblackabyng@epa.gov,Bigender,1.25.111.57
846,Martainn,Tozer,mtozernh@360.cn,Male,249.215.111.87
847,Miguel,Petris,mpetrisni@creativecommons.org,Male,23.19.212.75
848,Ally,Statton,astattonnj@wikipedia.org,Agender,63.231.212.117
849,Jedd,Chesson,jchessonnk@disqus.com,Male,237.179.28.148
850,Sid,Taaffe,staaffenl@privacy.gov.au,Male,168.54.231.89
851,Hagen,Stebles,hsteblesnm@bing.com,Male,17.108.142.213
852,Fitzgerald,Bedford,fbedfordnn@opera.com,Male,228.175.212.176
853,Chandler,Ingle,cingleno@wufoo.com,Male,62.200.107.32
854,Adolphe,Umbert,aumbertnp@g.co,Agender,33.5.101.42
855,Angeline,Shearston,ashearstonnq@va.gov,Female,128.101.187.36
856,Marlin,Cridlin,mcridlinnr@utexas.edu,Polygender,114.16.253.146
857,Salvatore,Abrahmson,sabrahmsonns@nature.com,Male,10.238.118.105
858,Miner,Mugglestone,mmugglestonent@hhs.gov,Male,104.84.169.191
859,Ethan,Petche,epetchenu@vkontakte.ru,Male,241.227.197.1
860,Gertie,Dobble,gdobblenv@instagram.com,Female,129.221.28.183
861,Meredith,Gheorghe,mgheorghenw@time.com,Male,152.177.163.248
862,Jethro,Radish,jradishnx@51.la,Male,61.79.103.249
863,Marna,Mytton,mmyttonny@cafepress.com,Female,162.153.228.220
864,Maggy,Snasel,msnaselnz@un.org,Female,242.210.65.223
865,Clerc,Espin,cespino0@ask.com,Bigender,72.169.185.55
866,Irv,Cavet,icaveto1@ihg.com,Male,48.121.66.86
867,Lizzy,Keele,lkeeleo2@cmu.edu,Female,2.27.202.69
868,Ozzy,Sargant,osarganto3@stumbleupon.com,Male,168.64.242.21
869,Teri,Weight,tweighto4@indiegogo.com,Female,159.145.203.195
870,Jerrine,Snawdon,jsnawdono5@purevolume.com,Female,242.204.71.124
871,Dolph,Hindshaw,dhindshawo6@1und1.de,Male,13.190.244.155
872,Kenn,Alder,kaldero7@hostgator.com,Male,184.181.195.225
873,Abraham,Ridde,ariddeo8@xrea.com,Male,225.33.99.131
874,Austine,Bonny,abonnyo9@buzzfeed.com,Female,215.9.22.176
875,Darill,Marchington,dmarchingtonoa@cbc.ca,Male,47.63.193.0
876,Sandi,Reany,sreanyob@mozilla.org,Female,20.196.215.152
877,Jacquelyn,Robbeke,jrobbekeoc@de.vu,Female,133.86.26.157
878,Dacey,Geely,dgeelyod@creativecommons.org,Female,208.241.46.31
879,Hubey,Rishbrook,hrishbrookoe@cbc.ca,Male,132.117.19.11
880,Annice,Balasin,abalasinof@last.fm,Female,166.0.225.242
881,Niven,Amort,namortog@shinystat.com,Male,122.26.26.199
882,Karna,Sinton,ksintonoh@seattletimes.com,Polygender,152.124.153.229
883,Harvey,Middis,hmiddisoi@google.es,Male,77.169.221.154
884,Hewe,Clewlowe,hclewloweoj@discuz.net,Male,175.157.45.143
885,Stanton,Gooddy,sgooddyok@creativecommons.org,Male,228.60.244.214
886,Patten,Artindale,partindaleol@hubpages.com,Polygender,189.157.93.90
887,Theodor,Dewdney,tdewdneyom@lycos.com,Male,231.106.66.87
888,Nolly,Siddon,nsiddonon@engadget.com,Male,158.204.115.43
889,Darryl,Oby,dobyoo@bluehost.com,Female,37.148.139.31
890,Dina,Van,dvanop@huffingtonpost.com,Female,31.234.88.53
891,Christophe,Ledbury,cledburyoq@eepurl.com,Male,82.79.125.223
892,Evy,Meegin,emeeginor@hexun.com,Polygender,239.12.134.45
893,Sharyl,Wherrit,swherritos@g.co,Female,247.119.234.209
894,Morlee,Fishbourn,mfishbournot@chicagotribune.com,Male,70.161.143.175
895,Lou,Chesshyre,lchesshyreou@berkeley.edu,Female,169.223.8.6
896,Orson,Flecknoe,oflecknoeov@sun.com,Male,159.53.110.146
897,Sandy,Kidsley,skidsleyow@cnn.com,Female,207.211.108.46
898,Winn,Kerkham,wkerkhamox@behance.net,Male,217.149.83.73
899,Nelson,Drew,ndrewoy@oakley.com,Male,127.174.212.194
900,Lusa,MacAllaster,lmacallasteroz@irs.gov,Female,197.96.208.3
901,Annette,Anstead,aansteadp0@fastcompany.com,Female,205.150.81.211
902,Alexia,Ackenson,aackensonp1@wisc.edu,Female,36.115.255.200
903,Maressa,McLardie,mmclardiep2@digg.com,Female,159.187.70.115
904,Jimmy,Sonier,jsonierp3@intel.com,Male,51.111.52.23
905,Cornall,Birkmyre,cbirkmyrep4@youtube.com,Male,145.207.76.178
906,Wren,Desaur,wdesaurp5@salon.com,Female,133.138.40.41
907,Vernor,Plues,vpluesp6@webnode.com,Male,98.50.209.227
908,Schuyler,Ludwell,sludwellp7@latimes.com,Male,230.116.133.176
909,Sal,Dayes,sdayesp8@booking.com,Female,146.51.82.170
910,Jordan,Hamper,jhamperp9@boston.com,Genderqueer,16.121.99.184
911,Rollin,Colebourn,rcolebournpa@jigsy.com,Male,121.125.92.109
912,Nial,Bellew,nbellewpb@chicagotribune.com,Male,65.39.40.189
913,Evaleen,McKerrow,emckerrowpc@google.com,Female,148.243.188.39
914,Julita,Musso,jmussopd@zdnet.com,Female,55.16.190.215
915,Thurston,Chippin,tchippinpe@bigcartel.com,Male,195.140.149.93
916,Daryl,Goncalo,dgoncalopf@patch.com,Female,163.38.15.237
917,Sandye,Trusler,struslerpg@smh.com.au,Non-binary,206.169.56.208
918,Sisely,Pender,spenderph@scribd.com,Female,45.90.197.108
919,Rosalyn,Marner,rmarnerpi@webmd.com,Female,129.15.107.124
920,Leelah,Wakely,lwakelypj@engadget.com,Female,140.79.162.113
921,Lily,Seckom,lseckompk@census.gov,Female,71.182.37.146
922,Leila,Sherman,lshermanpl@salon.com,Female,210.239.249.215
923,Charis,Gaskoin,cgaskoinpm@plala.or.jp,Female,228.91.75.189
924,Garnette,Groarty,ggroartypn@cocolog-nifty.com,Female,132.216.218.51
925,Brok,Glazyer,bglazyerpo@japanpost.jp,Male,189.227.29.77
926,Sigismondo,Stelfax,sstelfaxpp@oaic.gov.au,Male,64.45.212.142
927,Alidia,Hoyle,ahoylepq@nps.gov,Female,85.190.14.142
928,Walsh,Hutchason,whutchasonpr@google.it,Male,68.179.246.249
929,Lilla,Roggers,lroggersps@theatlantic.com,Female,235.78.181.168
930,Winifred,Works,wworkspt@gizmodo.com,Genderqueer,41.182.1.179
931,Merlina,Sword,mswordpu@squarespace.com,Female,1.7.50.130
932,Brnaby,Gaunt,bgauntpv@homestead.com,Male,63.64.92.104
933,Bonnibelle,Conant,bconantpw@yahoo.com,Female,25.100.121.85
934,Thadeus,Discombe,tdiscombepx@ezinearticles.com,Male,121.47.173.76
935,Katherina,Chesson,kchessonpy@opensource.org,Female,164.97.176.14
936,Rock,Phipps,rphippspz@chronoengine.com,Male,23.172.2.213
937,Jory,Rassmann,jrassmannq0@cbsnews.com,Male,80.99.94.114
938,Ddene,Silkstone,dsilkstoneq1@vk.com,Female,5.70.56.227
939,Cyb,Rockcliffe,crockcliffeq2@weather.com,Female,0.130.239.243
940,Gayleen,Truswell,gtruswellq3@apple.com,Female,84.3.242.252
941,Byron,Holby,bholbyq4@tinyurl.com,Male,6.8.96.122
942,Prent,Monk,pmonkq5@businessinsider.com,Male,24.125.246.78
943,Harriot,O'Kenny,hokennyq6@mapquest.com,Female,28.29.113.54
944,Millard,Castaignet,mcastaignetq7@chicagotribune.com,Male,204.175.76.22
945,Karon,Tolan,ktolanq8@1688.com,Female,99.6.151.47
946,Andriana,Grestye,agrestyeq9@sfgate.com,Female,48.89.150.55
947,Lou,Torrese,ltorreseqa@sun.com,Female,48.61.145.247
948,Montgomery,Tither,mtitherqb@virginia.edu,Male,203.74.215.29
949,Fee,Baterip,fbateripqc@drupal.org,Male,157.178.242.158
950,Hart,McConaghy,hmcconaghyqd@yale.edu,Male,2.11.69.16
951,Stace,Heymann,sheymannqe@mashable.com,Agender,89.168.53.230
952,Chrissy,Leeke,cleekeqf@ovh.net,Non-binary,3.29.252.210
953,Danny,Aime,daimeqg@prlog.org,Male,211.90.126.57
954,Dorene,Maass,dmaassqh@blogtalkradio.com,Female,174.194.35.48
955,Wolfie,Dudmesh,wdudmeshqi@quantcast.com,Male,191.245.54.33
956,Skipper,Lukash,slukashqj@marketwatch.com,Male,63.6.192.195
957,Aggi,Heisham,aheishamqk@photobucket.com,Female,149.175.229.10
958,Waring,Menichino,wmenichinoql@springer.com,Male,34.79.73.23
959,Shayne,MacDowall,smacdowallqm@mozilla.org,Female,76.177.226.98
960,Enid,Oloshkin,eoloshkinqn@ibm.com,Genderfluid,53.104.94.19
961,Bab,Katt,bkattqo@jugem.jp,Female,142.8.83.223
962,Fidel,Crucitti,fcrucittiqp@is.gd,Male,206.145.15.246
963,Nickola,Ferras,nferrasqq@mashable.com,Male,207.169.106.22
964,Neal,Giraudo,ngiraudoqr@unblog.fr,Agender,98.187.89.209
965,Darby,Stenbridge,dstenbridgeqs@hhs.gov,Female,148.128.17.198
966,Mic,Norrington,mnorringtonqt@free.fr,Male,44.48.201.4
967,Wanids,Crock,wcrockqu@ucoz.ru,Female,143.239.96.254
968,Sheilah,Spurdon,sspurdonqv@kickstarter.com,Female,14.135.191.169
969,Marci,Lissenden,mlissendenqw@w3.org,Female,202.60.47.6
970,Valdemar,Steffan,vsteffanqx@purevolume.com,Male,91.160.6.26
971,Karlee,Leadstone,kleadstoneqy@china.com.cn,Female,78.242.12.58
972,Keriann,Findlater,kfindlaterqz@moonfruit.com,Female,51.190.28.124
973,Mac,Rowcastle,mrowcastler0@reddit.com,Male,147.28.251.191
974,Devora,Sunnucks,dsunnucksr1@theatlantic.com,Female,59.142.241.30
975,Nonnah,Perez,nperezr2@google.es,Female,156.48.51.245
976,Axe,Castaignet,acastaignetr3@ycombinator.com,Male,29.224.137.113
977,Sawyer,Lechelle,slecheller4@army.mil,Male,141.34.248.245
978,Lewiss,Yewen,lyewenr5@chronoengine.com,Male,128.209.207.128
979,Guntar,Brecher,gbrecherr6@usa.gov,Male,158.157.38.222
980,Baxy,Offa,boffar7@answers.com,Male,127.18.41.228
981,Tamar,Cortnay,tcortnayr8@hc360.com,Female,141.146.125.163
982,Alidia,Bearn,abearnr9@ox.ac.uk,Female,185.140.22.155
983,Rolph,Clemenzo,rclemenzora@privacy.gov.au,Male,133.234.126.132
984,Leicester,Melladew,lmelladewrb@cnet.com,Male,113.82.255.91
985,Wiatt,Kilbourn,wkilbournrc@sfgate.com,Male,90.229.99.210
986,Phillie,Raubenheim,praubenheimrd@virginia.edu,Female,36.91.10.245
987,Meade,Ganforth,mganforthre@nyu.edu,Female,20.167.129.236
988,Shoshanna,Sheppard,ssheppardrf@tmall.com,Female,56.85.135.37
989,Wendi,Krebs,wkrebsrg@theatlantic.com,Bigender,106.219.50.159
990,Levey,Hodinton,lhodintonrh@oakley.com,Male,154.172.130.223
991,Shell,Swindon,sswindonri@dropbox.com,Male,187.173.47.131
992,Elora,Siddle,esiddlerj@miibeian.gov.cn,Female,31.125.155.46
993,Taylor,Heisler,theislerrk@epa.gov,Male,85.136.19.210
994,Clyde,Suggey,csuggeyrl@furl.net,Male,78.202.66.44
995,Theda,Duval,tduvalrm@gmpg.org,Agender,220.10.175.78
996,Glynn,Classen,gclassenrn@dailymail.co.uk,Male,207.40.0.170
997,Nichole,Dahlen,ndahlenro@yolasite.com,Male,223.213.160.78
998,Iormina,Tolland,itollandrp@wikipedia.org,Female,163.0.143.71
999,Jermayne,Schubuser,jschubuserrq@imgur.com,Male,179.182.189.145
1000,Wainwright,Filer,wfilerrr@tinyurl.com,Genderqueer,211.231.180.148
